{"cameraMode":{"drawMode":0,"name":"Shaded","section":"Shading Mode"},"sceneLighting":true,"audioPlay":false,"sceneViewState":{"showFog":true,"showMaterialUpdate":false,"showSkybox":false,"showFlares":true,"showImageEffects":true,"showParticleSystems":true},"in2DMode":false,"pivot":{"x":-40.68902587890625,"y":-94.18246459960938,"z":-23.855667114257814},"rotation":{"x":-0.1536223143339157,"y":0.7130496501922607,"z":-0.16500018537044526,"w":-0.663880467414856},"size":2457.504150390625,"orthographic":false}